{"cameraMode":{"drawMode":0,"name":"Shaded","section":"Shading Mode"},"sceneLighting":false,"audioPlay":false,"sceneViewState":{"showFog":true,"showMaterialUpdate":false,"showSkybox":true,"showFlares":true,"showImageEffects":true,"showParticleSystems":true},"in2DMode":false,"pivot":{"x":-1.4578475952148438,"y":1.423241138458252,"z":-1.4669476747512818},"rotation":{"x":0.12151951342821121,"y":0.5235405564308167,"z":0.07575015723705292,"w":-0.8398811221122742},"size":2.8578836917877199,"orthographic":false}